{
  "Real": {
    "precision": 0.9829059829059829,
    "recall": 0.9543568464730291,
    "f1-score": 0.968421052631579,
    "support": 241.0
  },
  "Fake": {
    "precision": 0.9554655870445344,
    "recall": 0.9833333333333333,
    "f1-score": 0.9691991786447639,
    "support": 240.0
  },
  "accuracy": 0.9688149688149689,
  "macro avg": {
    "precision": 0.9691857849752586,
    "recall": 0.9688450899031812,
    "f1-score": 0.9688101156381714,
    "support": 481.0
  },
  "weighted avg": {
    "precision": 0.969214309295281,
    "recall": 0.9688149688149689,
    "f1-score": 0.9688093067753719,
    "support": 481.0
  }
}