{
  "test_loss": 0.21357710659503937,
  "test_f1": 0.9292968164103255,
  "test_accuracy": 0.9293139293139293,
  "test_runtime": 4.0412,
  "test_samples_per_second": 119.024,
  "test_steps_per_second": 3.959
}