{
  "Real": {
    "precision": 0.948051948051948,
    "recall": 0.9087136929460581,
    "f1-score": 0.9279661016949152,
    "support": 241
  },
  "Fake": {
    "precision": 0.912,
    "recall": 0.95,
    "f1-score": 0.9306122448979591,
    "support": 240
  },
  "accuracy": 0.9293139293139293,
  "macro avg": {
    "precision": 0.930025974025974,
    "recall": 0.9293568464730291,
    "f1-score": 0.9292891732964372,
    "support": 481
  },
  "weighted avg": {
    "precision": 0.93006345006345,
    "recall": 0.9293139293139293,
    "f1-score": 0.9292864226278269,
    "support": 481
  }
}