{
  "Real": {
    "precision": 0.944206008583691,
    "recall": 0.9128630705394191,
    "f1-score": 0.9282700421940929,
    "support": 241
  },
  "Fake": {
    "precision": 0.9153225806451613,
    "recall": 0.9458333333333333,
    "f1-score": 0.930327868852459,
    "support": 240
  },
  "accuracy": 0.9293139293139293,
  "macro avg": {
    "precision": 0.9297642946144261,
    "recall": 0.9293482019363761,
    "f1-score": 0.929298955523276,
    "support": 481
  },
  "weighted avg": {
    "precision": 0.9297943189677925,
    "recall": 0.9293139293139293,
    "f1-score": 0.9292968164103255,
    "support": 481
  }
}