{
  "Real": {
    "precision": 0.9156118143459916,
    "recall": 0.9004149377593361,
    "f1-score": 0.9079497907949792,
    "support": 241
  },
  "Fake": {
    "precision": 0.9016393442622951,
    "recall": 0.9166666666666666,
    "f1-score": 0.9090909090909091,
    "support": 240
  },
  "accuracy": 0.9085239085239085,
  "macro avg": {
    "precision": 0.9086255793041433,
    "recall": 0.9085408022130014,
    "f1-score": 0.9085203499429442,
    "support": 481
  },
  "weighted avg": {
    "precision": 0.9086401037013198,
    "recall": 0.9085239085239085,
    "f1-score": 0.9085191637492893,
    "support": 481
  }
}