{
  "Real": {
    "precision": 0.9139344262295082,
    "recall": 0.9253112033195021,
    "f1-score": 0.9195876288659794,
    "support": 241
  },
  "Fake": {
    "precision": 0.9240506329113924,
    "recall": 0.9125,
    "f1-score": 0.9182389937106918,
    "support": 240
  },
  "accuracy": 0.918918918918919,
  "macro avg": {
    "precision": 0.9189925295704503,
    "recall": 0.918905601659751,
    "f1-score": 0.9189133112883356,
    "support": 481
  },
  "weighted avg": {
    "precision": 0.9189820137630886,
    "recall": 0.918918918918919,
    "f1-score": 0.9189147131959815,
    "support": 481
  }
}