{
  "Real": {
    "precision": 0.9282868525896414,
    "recall": 0.966804979253112,
    "f1-score": 0.9471544715447154,
    "support": 241
  },
  "Fake": {
    "precision": 0.9652173913043478,
    "recall": 0.925,
    "f1-score": 0.9446808510638298,
    "support": 240
  },
  "accuracy": 0.9459459459459459,
  "macro avg": {
    "precision": 0.9467521219469945,
    "recall": 0.945902489626556,
    "f1-score": 0.9459176613042726,
    "support": 481
  },
  "weighted avg": {
    "precision": 0.9467137326136114,
    "recall": 0.9459459459459459,
    "f1-score": 0.9459202326353339,
    "support": 481
  }
}