{
  "Real": {
    "precision": 0.9532163742690059,
    "recall": 0.6763485477178424,
    "f1-score": 0.7912621359223301,
    "support": 241.0
  },
  "Fake": {
    "precision": 0.7483870967741936,
    "recall": 0.9666666666666667,
    "f1-score": 0.8436363636363636,
    "support": 240.0
  },
  "accuracy": 0.8212058212058212,
  "macro avg": {
    "precision": 0.8508017355215998,
    "recall": 0.8215076071922545,
    "f1-score": 0.8174492497793469,
    "support": 481.0
  },
  "weighted avg": {
    "precision": 0.8510146557684759,
    "recall": 0.8212058212058212,
    "f1-score": 0.817394806715195,
    "support": 481.0
  }
}