{
  "Real": {
    "precision": 0.9294117647058824,
    "recall": 0.983402489626556,
    "f1-score": 0.9556451612903226,
    "support": 241
  },
  "Fake": {
    "precision": 0.9823008849557522,
    "recall": 0.925,
    "f1-score": 0.9527896995708154,
    "support": 240
  },
  "accuracy": 0.9542619542619543,
  "macro avg": {
    "precision": 0.9558563248308173,
    "recall": 0.954201244813278,
    "f1-score": 0.9542174304305691,
    "support": 481
  },
  "weighted avg": {
    "precision": 0.9558013465353393,
    "recall": 0.9542619542619543,
    "f1-score": 0.9542203986859947,
    "support": 481
  }
}