{
  "Real": {
    "precision": 0.8296296296296296,
    "recall": 0.9294605809128631,
    "f1-score": 0.8767123287671232,
    "support": 241
  },
  "Fake": {
    "precision": 0.919431279620853,
    "recall": 0.8083333333333333,
    "f1-score": 0.860310421286031,
    "support": 240
  },
  "accuracy": 0.8690228690228691,
  "macro avg": {
    "precision": 0.8745304546252413,
    "recall": 0.8688969571230982,
    "f1-score": 0.8685113750265772,
    "support": 481
  },
  "weighted avg": {
    "precision": 0.8744371057167265,
    "recall": 0.8690228690228691,
    "f1-score": 0.8685284248264535,
    "support": 481
  }
}