{
  "Real": {
    "precision": 0.8157894736842105,
    "recall": 0.9004149377593361,
    "f1-score": 0.8560157790927022,
    "support": 241.0
  },
  "Fake": {
    "precision": 0.8883720930232558,
    "recall": 0.7958333333333333,
    "f1-score": 0.8395604395604396,
    "support": 240.0
  },
  "accuracy": 0.8482328482328483,
  "macro avg": {
    "precision": 0.8520807833537332,
    "recall": 0.8481241355463347,
    "f1-score": 0.8477881093265709,
    "support": 481.0
  },
  "weighted avg": {
    "precision": 0.8520053336454806,
    "recall": 0.8482328482328483,
    "f1-score": 0.84780521466912,
    "support": 481.0
  }
}